739,863,413,206,182,915,766,40,824,893,959,656,613
705,712,183,807,851,175,113
543,239,634,422
219,14,910,552,363
27,477,755,520,457,845,704,853,318,210,914,185,257,368,523,974,756
3,439,458,98,949,113,726,544,101
31,582,901,420,162,122,984,434,101,400,832,924,533,948,192,680,48,89,655
126,434,89,628,200,994,178,199,965,506,490,269,693,631,663,573,362,651
984,59,421,118,24,376,346
607,623,261,839,882,450,119,417
229,993,616,385,16,585
475,560,535,983
176,350,392,210,874,647,19,338,660,833,295,974,519,464,13,58
179,472,988,263,941,506,910,313,334,823,225
822,696,550,9,58,410,43,722,488,565,757,271,273,577,363,769
743,635,131,540,52,450,553,775,26,433,119,272,660,995
996,534,359,818
277,304,129,1,596,229,156,28,563,47,635,4,408,790,996,954,564,126,270
434,640,619,399,169,439,477,461,44,301,695,145,824,625,484
406,704,225,956,832,130,397,563,242,341,21,4,812,606
688,970,801,297,377,628,831,792,835,777,7,660
279,924,959
51,998,741,666,206,564,443,986,767,431,311,112,852,109,951,236,839,499,729
383,934,330,285,599,735,731,842,295,97,405,939,230,292,339,132,222
312,957,132,459,12,626,439,877,405,369,375,444,295,739,173,256,651,633,401
426,45,660,63,129,425,279,141,755,461,389
509,490,642,708,556,139
198,606,724,499,614,294
961,739,759,377,703,603,511,275,198,584,286,280,521,464
763,499,387,798,649,125,932,143,407,106,436,689,367,167,13,35,845,434
746,621,25,751,957,707,613,985,601,975,655
158,61,530,454,714,977,185,840,489,371
956,933,527,844,827,669,984,353,250,604,247,916,699,661
306,810,619,554,587,691,404,197,508
669,4,379,173,290,549,143,21,264,475,30,55,745,508,196,133
315,760,763,124,673,503,972,240,694,854
833,168,326,944,573,129,268,881,270,555
661,685,879,404,254,356,806,947,775,347,19,321,454
231,444,304,57,532,719,248,847,827,788,806,914,753,589,949,575,981,643
625,930,891,848,159,997,869,672,449,51,908,105,20,613
56,404,349,74,258,33,993,580,218,447,858,798,439,137
684,852,847,223,39,211,241,110,381,671,51,504,678,487,476,809,944,774,291,773
355,409,142,59,318,892,721,917,642,17,229,485,452,670,426,663
408,68,627,211,558,177,363,756,240,198,204,52,773,919,89,598,303
827,876,194,813,775,282,340,923,412,491
240,153,124,774,405,674,628,664,468,31,566,871,100,409,3,808,503
755,78,782,704,529,707,191,511,601,279,754,39,767,443,751,348,640,16,15
710,565,481,658,49,381,673,656,699,285,93,715
969,932,338,303,107,188,530,835
920,474,989,979,154,328,542,214
942,552,488,220,341,540,116,733,133,501,82,568,284,273,93,453,755,404,874
592,506,250,142,352,420,646,685,828
643,451,185,954,495,985,237,134,657
709,48,922,468,896
431,895,721,666,651,94
754,997,145,599,717,773,937,798,236,195,631
393,344,918,515,238,412,172,452,557,875,508,973,111,767,497,811
197,38,702,534,760
45,193,100,127,363,906
125,434,226,691,330,528,446,144,346,833,968
265,956,147,834,213
614,403,571,653,825,187,748,131,921,854,433,943,721,745,25,509
181,471,951,92,25,779,264,623,943,849,375,792,129,366,507
89,344,468,974,9,836,665,152,932,881,329,812,879,486,291,273,519,121,160,751
644,244,863,786,114,546,66,196,730
802,943,419,696,271,246,770,671,23,247,999,96,362,125
720,296,400,393,627
77,290,152,930,439,477,176,684,629,43,919,158,841,274,871,34,616,177,918,468
55,359,93,1,920,488,46,633,134,121,755
335,450,790,375,122,947,276,364,179,446,265,986
779,931,229,47,730,475,620,659,320,765,887,615,407,807,362,476,457,895,790,38
10,250,983,865,347,403,100,680,953
485,313,281,17,26,543,515,385
964,109,921,783,121,445
718,892,481,788,305,881,574,562,952,251,564,657,994,12,890,422,900,814,799
204,449,872
354,786,324,948,416,399,775,867
723,163,198,56,600,73,253,533,363,702,148,155,166,706,801,370,234,821
7,904,825,3,131
172,537,85,984,868,695,121,489,224,272,858,540,976,590
230,681,305,984,834
323,684,79,128,333,459,429,205,458
20,774,270,637,360
976,791,204,61,817,286,180,198,305,485,912
472,4,263,328
887,37,950,615,828,463,342,826,851,455
540,658,842,757,227,584,243,189
121,935,417,750,84,482,688,262,892,492,402,61
627,377,173,305,158,320,987,755,700,367,199,548,682,569,959,809,673
139,519,756,16,885,20,695,739
810,128,116,823,695,754,243,353,25,901,374,921,756,931,524,657,312,271,406,998
459,651,817,915
236,363,125,453,224,906,439,712,220,710,808,53,585
365,391,830,64,531,324,713,979,275,483,30,313,300
720,203,606,782,829,250,836,384,68,899,115
50,963,609,380,881,481,618,464,367,943,325,427,822,954,374,73,605,512,646,586
630,535
987,442,16,294,495,980
923,69,50,44
884,373,891,763,986,610,520
39,514,821,122,827,941,866,234,570,632,919,1,532,958,126,661
415,507,691,945
156,744,132,643,530,82
493,510
51,787,836,245,332,914,560
174,697,372
786,131,804,290,846,318,275,914,604,778,945
38,62,90,101,589,33,608,178,235,701,926,779,124,237,866,581,414,619,455
713,238,300,742,332,868,5,188,299,843,24,786,654,239,984,902,830
751,387,741,109,933,868,616,418,240,545,799,715,477,820,528
692,806,914,418,604,423,46,639,991,894,420,155,380,432,791,828,870,656,484,932
146,898,57,956,378,415,261,123,551,87,969,630,404
408,715,980,145,21,974,89,292,472,833,351,439,272,928,837,860,554,152,273,645
311,22,740,854,18,308,271,273,254,281
162,198
819,11,449,109,792,465,578,40,586,46,728,706,438
141,72,776,186,497,174,550,917,515,998,657,34,313,368,596,476,966,922
589,365,389,525,317,546,68,148,792,363,948
47,421,325,502,2,592,853,643,868,568,857,3,201,505,493,273,158
253,33,262,24,812,498,988,171,61,755,79,450,437
235,916,20,722,217,216,188,921,705,727,181,992,632,323,203,206
109,841,713,748,543,132,871,890,22,85,528,703,263,812,959,35,425,979
534,454,689,88,916,1000,277,349,167,69,769,612,541,737
541,5,17,451
674,699,280,168,808,364,431,874,629,972,513,158,845,152
882,215,887,814,177,388,265,851,643,140
512,767,834,115,277,208,23,556,363,979,252
378,592,257,625,599,783,160,516,40,987,76,206,367,144,662
850,371,363,446,871,185,542,918,537,725,53,130,139,156,447,458,868,698,417,755
23,247,218
750,203
928,671,143,173,540,761,4,183,971,167,332,601,674,273,109,542,685,86,664
45,969,876,159,784,51,401,781,357,439,824,583,75,879,70
780,741,839,113,857,650,889,753,959,977,59,338,572,945,737,867,15,960,827,494
636,153,409,543,829,438,508,195,752,629,472,920,383,300,215,794,48,467,344
506,262,849,918,263
76,966,24,955
145,538,78,507,61,561,401,181,191
442,252
813,206
127,497,452,711,398,780,488,965,278,587,8,978,492,165,873,894,802,412,848
741,730,390,384,913,752,262
971,15,887,521,89,910,332,453,202,817,801,696,555,962,145,445,520,472
805,416,176,673,90,293,321,327,533,316,175,760,322,531,936,272,614,758,781,100
318,783,639,677
659,616,601,336
656,816,747
647,792,760,664,835
948,415,929,154,539,887
156,4,215,571,608,823,816,32,309,976,789,567,237,743,712,52,320
37,168,50,10,271,874,200,19,208,35,392,579,797,721,377,344,558,758,562,463
3,452,616,40,258,622,101,376,334,495,574
380,432,806,625,343,907,810,794,685,231,331,838
210,840,284,29,972,593,226
902,984,493,237,442
474,770,462,568,223,869,195,545,983
648,2,670,959,350
460,789
592,226,984
902,549,858,752,550,618,228,146,822,756,278,354,60,494,733,350,600
78,134,691,656,917,197,658,359,67,935,521,428,317,329,538,497,590
205,565,586,604,637,521,621,676
830,601,437,997,267,298,288,762,694,277,235
593,667,877,34,769,332,872,445,30,275,18,887,867,134,103,471,646,7
55,830,388,69,94,26,425,826,49,530,456
974,714,308,680,847,621,575,290,914,157,608,213,266,101,506,853,612,890
355,25,641,216,722,143,291,801,524,12
833,134,102,790,473
626,94
189,136,595,160,496,701,213,897,824,219,376
415,309,991,218,596,662,818,248,882,713,228,385
758,62,903,126,928,859,11,92,468,534,90
275,458,81,847,905,40,321,831,90,424,302,863,555,268,354,308,186
912,893,180,562,596,863,854,620,296,330,559,551,315,235,784,583,514
56,9,249,279,675,139,197,754,261,899,981
328,811,972,514,386,755,523,863,530,552,252,773,833,358,940,320,965,709,359
468,541,136,753,419,30,244,335
441,91,840,55
402,864,5,967,734,294
765,43,858,952,100
124,462,374,563,651,496,429,612,272,183,173,614
794,270,866,174,665
549,484,431,257,230,902,869,8,17,796,358,425,747,646,61
770,422
554,184,39,245,572,469,507,718,970,808,636,280,317,509,78,927,237,464,232
285,904,139,17,120,521,845,820,852,622,880,392,503
804,142,728,395,606,165,811,716,396,898,979,918,326,786,981,344,760
972,974,478,511,70,793,542,381,675
279,467,767,754,242,860,119,14,858,101,904,133,731,228,399,421,650
977,827,459,59,725,560,542
313,391,130,387
765,488,379,960,906,58,87,499,14,783
652,301,210,663,931,407,571,984,148,555,271,968,694
530,487,119,270,977,992,820,760,554,144
966,442,9,650,843,121,527,103,235,207,655,892,171,441
632,332,737,413,316,324,773
132,337,425,874,957,946,92,287,604,201,482,782,112,43,421,981,734,326
809,27,906,52,795,475,268,426,147,544,592,696,103,919,578,974,811,968,5,611
145,672,388,740,975,618,243,589,435,888,630,639,976
848,338
944,625,783,803,359,92,75,525,901
6,872,150,526,91,65,734,978,836
72,642,4,45,383,557,957,392,775,581,424,687,163,531,644,255,511,205,752
369,659,712,386,760,810,123,525,20,395,521,830,656,472
403,584,739,34,905,252,935,601,253,769,405
801,21,996
842,473,902,905,91,642,897,271,137,198,949,814,550,28,401,758,546,9
215,140,406,250,33,944,913,430,708,725,641,842,475,546
792,172,919,42,646,165,337,672,848
564,948,662,549,38,491,487,929,272,171,282,482,754,927,539,876,843
608,161,778,441,509,575,577,850,963,560
856,555,353,37,225,334,562,873,866,435,31,766,390
278,262,813,177
380,974,877,162,24,683,362,953,739,899,510,65,230,503,664,630
894,476,245,667,146,331,292,15,742,264,837,952,752,54,459,512,939,124
891,508,334,12,432,113,78,760,808,122,314,86,444,99,458
425,756,272,58,979,488
352,477,361,78,545,735,120,868,297
677,43,675,450,442,189,669,489,258,948,741,836,608,78,703,313,295
189,673
123,840,399,71,152,992
411,554,773,448,354,372,799,151,982,283,558,32,383
178,751,163,442,201
700,543,442,882,595,529,536
317,897,21,452,717,186,50,113,802,241,406
842,921,19,288,548,464,278,252,563,957,528,395,487,435,360,752,37,751,247,342
947,650,560,917,542
121,997,411,263,50,879,837,758,467,883,326,124,985,212,195,365
288,719,915,393,819,917,219,919,1,242,679
403,383
673,188,473,236,246,927,629,430,591,335,104,274,234,151,99,816,706,382,463
302,567,314,171,147,75,628,860
666,217,811,939,342,669,300
875,627,662,612,682,58,743
154,992,319,652,769,919,198,772
437,206,720,636,205,219,449,974,832,472,21,441,11,313,375
952,312,686,114,107,279,402,575,610,397,351,282,498
615,603,186,690,807,325,442,477,17,765,175,86
951,964,688,877,259,260,471,738,592,275,69,941,968,163,457,844
379,488,126,949,212,584,70,21,386,693,784,142,810,75,437,152,531,225,446,405
857,704,331,225,996,103,699,695,119,659
182,125,211
691,697,560,764,7,479,846,916,871,366,827
196,642,313,6,632,934
468,956,355,794,699,826,752,455,377,183,996,363
116,398,251
379,351,377,856,950,901,519,887,576,766,571,189,256,358,245,482,243,79,763,326
864,159,79,582,306,426,885,681
777,44,450,903,674
292,271,747,326,704,477,657,982,976,774,485,286,682,608,763,319,687,805,262
170,152,167
516,448,524,39,905,538,312,985,975,373,588,904,383,807
687,494,933,336,912,471,483,429,8,136
914,730,847,657,155,327,986,434,904,324,698,56,373,851
129,25,739,936,104,851,775,110,590,343,107
482,175,104,123,325,241,948,577,456,218,929,694,404,759,709,141,837
373,684,135,810
714,768,537,246,911
326,499,209,352,601,117,223,930,667
289,527,465,645,337,577,623,900
990,741,575,760,668,757,855,999,152
363,617,669,856
521,52,598,308,533
740,915,713,629,639,323,880,209,836,59,714,788,101,206,487,930,352,268
117,677,911,89,547,213,244,891,673,538,198
458,553,702,982,423
718,32,599
752,150
698,540,834
933,876,657,366,491,244,911
416,821,392,163,926,592,812,533,71,617,73,851,307,602,722
114,842,723,664,59,527,535,396,990,271,630,909,512,981,64,183,37,137
212,789,725,882,45,768,910,111,286,6
51,499,677,96,692,19,50,101,974,845,814,505,71
67,406,728,488,998,960,216,386,294,620,392
699,501,543,20,494,633,627,27,574,720
186,881,540,318,734,539,696,165,917,451,580,594,722,636,746,736,779,997
471,217,726
529,914,255,466,583,24,223,7,636
993,304,464,682,878,113,595,940,653,965,681,546,277,248,807,167,884,8,405
560,461
70,158,33,791,226,153
416,292,475,793,744,739,799,688,706
732,698,406,214,110,780,219,193,712,683,774
817,881
792,826,226,966,461,626,985,775,800,488,61,700,130,201,49,493,300,732
166,562,482,440,675,293,764,863
244,403,842,541,9,449,141,514,560,287,542,430,794,738,130,933,457,871,870
300,838,121,375,598,5,447,770
364,100,417,33,419,867,788,647
130,700,14,642,235,576,998,797,884,8,221,768,42,931,43,721,306
678,970,848,950,542,182,183,1,261,598,158,548,713,761,328,692,45,76
994,375,396,306,223,758,707,446,766,632,711,794
908,719,103,33,651,727,732,471
730,244,601,300,904,896,465,871
589,566,234,736,459,800,729,5,533,991,880,648
945,414,564,749,691,576,542,108,66,937,446,409,496,701
16,281,733,665,852,329,759,808,553,386,173,586,734,500,288,312
462,31,981,354,589,827,782,624,710,349,316,324,12,318
777,136,14
