3672,1346,3392,3080,2943,2578
3486,98,78,3892,678,3843,1560
2775,3484,910,1485,2899,3309,3060,2596
523,2715,627,2641,3886,2739,848,579
2425,536,2157
717,1613,2342,106
1075,71,2291,2468,3887,1921,2612
2062,974,1930,262
291,3190,839,457,830,3107,1903
3137,344,3080,499,289,1180,3639
807,3140,3157,1841,715,797,1342
1475,1745,3925,3828
2386,131,2697,3183,3664,924
3834,685,3345,1330,795,243,2067
216,1736,2945,2850,2508
3612,3921,990,625,1582
1522,494,3502
436,3460,2958,1249
2255,3957,3866,1957
3642,2963,3556,3752,3327,2500,183
625,2488,3425,936,2296,3277
1969,2864,2535,3994,3392
534,632,1069,3210
1005,908,224,676,1299,3349
2268,1196,1163,1498,196,1276,2465,2042
235,287,1255
1837,2158,1663
2726,2334,1332,3877,2585,257,2325,1061
100,1542,1400
3871,2467,809
274,1194,1616
2380,2814,1657
1110,1009,1180,3142,360,1121
2401,1855,538
3553,857,960,858,1670,2401
1404,891,1551,691,1135,458,1738,2135
2659,3389,407
2277,1859,3538,3977,3844,2817,587,2000
3806,1441,1733
2042,1905,3672,2599,3949
3120,3069,698,2844,2873,1946,2367
3491,2542,1559,3849,1005,853,904,397
52,3310,827,2811,1643
3236,2358,2660,1418
135,2745,2168,2871,181,3158
2026,3557,2055,3549,3400
2637,2203,2534,1136,382,3605,3842,2095
3797,3523,3146
753,3313,3883,1118,1640,1361,2589
2370,3921,919
2420,1006,2799
1424,1268,2183,2930,1289,3013
1264,3697,2906,3965,2521,1959,2417,1738
1475,1212,1781,3608,1765
2714,2435,3678,3839,1961
3944,895,721,1127,3413,635,2727
303,1415,2025,1869,1300
2476,2011,1977,1429,260,1355,1096,3009
1686,3342,1372,3893,982
2542,3450,639
3509,3440,1873,2788
3241,3551,933,1103,1236,3563
710,425,3011,2310,2028,1617,583,2590
516,981,3193,2631,440,3396
115,504,592
815,3862,2865,2222
2626,2413,1128
1849,2009,191,2116,3103,2097
2748,2389,759,3502,2981
2467,1341,833,435,1491,3311,1409
3547,2192,844,1220
1245,2299,2949,2764
952,3229,600,596
3431,930,3851,2172,2880,3351,3776,1181
1737,3468,3645,3920,3346,669,1896,2773
3864,1278,266,2070,1621,933
2030,2665,2686
3171,212,2190,2805,1679
1441,887,1210,2698
3438,256,3335,2019
2160,1992,3018,3283,3372,2768,3797,3172
881,3592,2999,298,2679,2010,1994,2698
3597,3879,439,1599
1081,918,1103,3320,2191
336,2060,594,349,1350,2081
3587,3413,2754,98,2978
1728,2903,117,1732,1213
2231,1534,3856,91,1922,3218,522
3503,505,252
521,1001,3214,3513,2640,2747,364,1203
3325,2142,402,111,40,3358
3987,3671,796,2536,1359,3892,2830,65
2161,1168,2273,1621,1095,3092,2342,790
265,2133,2260
1331,2880,3850,2584
1304,3588,828,2909,2974,1638,2938,3841
286,1700,2222,1698
578,3866,3676,699,231,1261,719,938
346,3552,2147,419,2715
3273,1379,1586,734,93,3229,3392
3353,730,1537,850
1753,760,3895,2795,2031,3208,18,1874
1966,1024,3102
1060,1080,318,669,3575,3950
2188,3507,1696,3620,3931,879
3520,1148,2127,3697
318,2571,2643
2614,2191,2884,1973,1602,293
3693,1561,2507,886,1139,1334,1728
1964,2478,1565,1662,1488,3058,2784,1927
2291,1391,2157,295
3874,1049,1709
521,506,53
2444,1108,2881,3297,3768
3052,155,3064,715,3026,2408,2796
1335,520,2398,3097,1514,2992,1077
2163,1866,2008,2911,3739
3632,1208,616
1599,747,3254,2207
2839,966,1728
2056,3904,836,3501,2950
2267,2058,3967,1744,50
1267,1820,2245
903,2963,165,1066,1202,1757,2548
745,1385,2588
375,1629,3172,833
2610,1722,3598,1785,1160,745,3180,886
3792,2568,479,592
923,2394,962,3915
2968,1243,2875
1883,1596,1516,2390,3980
3982,1854,170,3521,2562,2721,2081,3442
2660,3849,3882,237
160,3910,794,3968,647,3458
827,13,195,747,2236,196
2387,2937,756,3446,2077,1571,2545
3002,3577,3273,3539
3598,1246,1629,2483
3279,593,1755,724,2649
3792,3994,1143
3224,3640,3317,2191,3814,888
165,2316,282
1489,1916,1673,1091,497,2448
2562,1805,896,1053
3781,926,909,1222
2935,879,457,592,304,1836
3952,1226,1513,3583,146,177,988
3168,1509,576,1402,105
1732,885,172,11
3329,3814,2730,1782,1069
2285,86,772,2865,1336,1206
1248,2312,216,1664,43
921,3479,1329
1363,3961,2700
779,1220,1422,1692,1528,2029,2582
1073,2196,3519,2362,396
16,3808,3556,3883,3132,307,3503
9,1439,528,1797,1592,378,1788
1208,3486,2757,597
2810,2410,1888,3326,3626,2895
664,3310,376,713,621
2579,2677,134
2100,2733,2207,1159,115
474,3026,313,305,3321
2648,2323,560,3716,2740,3611
1622,2910,914
2095,2328,535
3564,3914,3620
1717,1446,2586,945,478,2939,2119,789
472,3914,1253,3106,3240,2466,45
2422,3982,867,365,3972,2247
1845,1741,1475,337,1932,26,3924,931
2330,404,1990,1144,556,1445,2068
2474,982,559
373,2395,1664,756
3829,2435,534,3867,518,3230,1409
3643,2197,2056,536,3720
2341,3376,953,397,171,2330,988,3080
2040,173,3039,3138,1093,767,114,1564
507,444,3793,3366,1975,2405
1105,3978,2215
963,2500,3595,1570,967,2732
3192,2471,1884,3194
1090,3389,1057,2656,3255,3450,2874
769,3017,646,881,49,1879,819
3865,2369,2707,2423,1166,1103,504
1852,3683,3778,1552
3030,49,2616,3465
2579,1346,3194,2887,3876,2398,2086,3440
9,3864,3969,1494
774,3687,1737
338,405,2359,3849,3586,2997
3355,1471,1811,783,1249,2027,966,1522
217,1409,2920,3375,806,3313
1551,3422,401,965,3556
2300,3187,3909
1923,2799,2526,2718,1317
1881,3082,3632,504,2797,2980
1817,1229,1976,3151,2320
684,3267,2908,2209,2064
3622,1801,2969,1643
2232,1852,3873
3426,2928,1229,1552,3656,3765
589,1759,5,3826,2161,924
2897,3390,2427,2825,73,1719
3259,515,1717,1466
2252,184,3870,207
1296,645,3165,789,1608,1916,2699
3969,2583,722
1602,2048,3282
2584,983,2920,2087
2458,3829,309,2418
1125,2479,2864,1049,693,3646,974
2835,1098,2180,1392,450
603,2110,3561,2460
149,829,2868
3231,2197,3473,1218
984,360,463
2088,647,1120
1594,2079,2439
2485,98,1679,907,1236,1769,3584
1586,2520,1034,2348,929,946,1413,2194
2639,1197,3514,938,1142,556,2968,108
2449,3353,1593
3719,2150,3174
584,903,373,3679,1439,2130,3368,74
372,2418,3236,3629,2763
654,186,2520,3551
625,3012,1505
243,2036,3571
54,1239,128,530,938,3527,3604
3128,584,2058
2789,346,2516,3524,2393,3009
3839,3934,2198,784,1514,3574,1450
962,2049,2902
2920,2468,1826,1605,3736,2168,961
1961,2970,251,733,442,1357
3688,3809,264,873,432
1501,1620,3670,3906,1656
1273,1003,1623,3632,2942,1520
1359,1077,2789
1355,274,2114,2106,1560,822
3270,906,3983,1340,393
2058,2255,1237,3687,2210,2439
1715,1292,3631,1739
1447,2169,3617,2267,1159,3427
2060,745,2859,3367,1284,3062
1052,2204,2839,573,3629,2904,337,2479
3046,906,2534,3882
2954,3373,1024,3959,528,736,3455,445
2899,3872,3750,2880,1846,3884,2231
2169,1262,2876,1097,2847,2526
3384,326,3746,1431
2498,2799,1921
1315,1486,1250,840,1960,3876,3127
2506,949,1162,1951,92,2609
1142,3130,1787,1239,2033,3167,3158
1898,2377,1881,3504,3538,1186
3294,1105,501,3749,3503,272,1872,3870
980,514,1362
1200,1338,2847,786,194,3625,3780
2942,2539,824,502,3466
2590,1066,2833,3066,3263,796,204
3700,2103,717,2074,1364,50,2624,324
3578,188,3884,433,3822
767,555,3366,239,333,2746
3845,358,1257
1492,89,7,3794
3088,3959,509,975,2019,1105,504
2470,584,3283,1694,1680
2647,3745,3208,2293
1044,1978,2156,3356
3485,81,1301,3040,83,3642,900,2941
773,110,392,3640
1325,2997,1661,3783,2869,1633
3287,3657,1947,3607,848,3484
2927,3905,2107,2375
1543,159,802,2974,1561,350,3310
14,3514,793,2154,2623
130,2510,1947,1009,2598,2686
3486,1020,2248,3491,1151,502,3042,3632
1150,3789,2085,3592,1334,2667
1547,3839,2192,1908,1995,559,730,2641
2378,923,354
4,238,3468,1061,2031,2466,3640
3872,2403,124,2566,2881
1005,1876,1247
1056,530,3728,3470,1740,1922,3539
3484,2574,798,3323,2275
1608,2271,2145,1853
189,209,2586
2077,2333,3599,3444,939,773,978
3561,2614,2025
3022,2657,810,3656
3266,1876,2596,3423,2990,2680,26,193
955,3662,2563,2437
3057,3348,3505,617
264,3796,1547,757,127,1164
1472,690,915,1235,2186,2177,2719,3577
2376,3435,2954,1897,3236
3811,3122,800,483,2402
2119,737,465,1245,1014,2122,1850
2703,3680,47,1796,3649,1264,203,1660
3812,2700,3758,1586
2076,2864,2777,3225
301,2430,570,244,1573,1635,431
3603,3115,1962,2573
2563,3031,582,1759
2642,1546,247,969
3056,1438,1608,1397,3766,1916
1612,289,494,1937,1445,1544
2715,786,1308,2807
1331,432,132
3722,1086,3355,629
2570,478,730,148,1424,3659,1380
1370,1376,3194,3413,725,3232
2811,1482,507,513,2637,1828
1962,3963,3823,2021,2046,1617,3483
3676,3456,3348,1141,677,3975,2650,2517
2165,2760,3380,521,1694,2656,539
1798,2926,3267,3714
489,1935,2867
2513,1908,3829,3084,2324,3457
1580,1771,771,2999,359,2626
141,1574,1236,1928,2735
2931,3137,500,588,3956,2229,1045,1822
900,3470,2041,2381
3566,1671,406,787
1499,1402,2394,3443,1037
250,839,740,1792
2152,3919,1876,3203,2733,84,1423,3825
328,2180,487,1378,1814
1845,3754,867,2479
2475,1639,3126,3444,768
2474,2325,3828,863,1807,3698,444,3966
219,1092,2887,597,2832,3766
3399,2938,2364,366,933,521,3014,1098
577,2796,2445,1623,3106,970,1753,1910
3978,1085,1236,1493,2700,3990,229,2316
384,868,268,2852,3137,875
1544,20,3777,704,2879
3141,2400,389,2949,1414,3129
1841,3185,2359,3907
2160,134,1800,42,3712,2863,1787,1752
2581,3313,1736,2595,905
178,772,2171,159,939,2740
3514,3022,3242,3508,1531,3768,46,1858
924,1649,2455,664,745,2276
1840,2822,2670,1206,2589,3236,1728
1683,3266,2863,2566,622,3764,2989,366
2631,3661,3205,2621
1289,2930,562,1594,1334
3567,3845,3576,1944,671,529
382,2509,618,2702,2433,3245,2611,596
2449,2378,1927,3912,1396,3670,3717,2859
1601,1214,3807,148,2524,1445
839,1415,3466,210,819,980,2885
2907,3747,1585,3381,3253,1845,1387
2271,772,2404,2512,2457
191,3399,2827,2497
2610,901,2011,944
2676,415,2054
2531,2072,1918
2808,1376,3662,246,2655,3459,3954,3035
2187,1848,3650,3923,1754,1297,2112,419
218,117,2794,138,3991,494
500,813,600,3788,2884,499,536,2964
3817,721,2966,3434
3457,2465,555,441,3232
2790,2090,3906,2037,1002,751,2660
2361,437,2178,866
383,1495,1834,1279,3807,2828
11,2192,1133,2970
1019,823,2715,1349,1998,3444
2999,2493,2247,2321,2343,3723,1713,2628
2067,1084,167
1825,2618,1198
3434,475,3684,1604,386,401,3679,3389
841,2222,3164,2267,633,828,479
3003,3749,3613,3262,1454,3018
2523,3892,2333,197,2750
652,725,371,2076,482,2131,1422,413
2161,3503,1248,3916,2950,3142
609,1641,1663
2651,1099,934,641,3807
1209,76,2350,554,215,1555,852,2161
3629,653,3116,2439,3051,2646,611
456,3667,1566,2941,3930
1915,1423,330,3767
3260,3821,280,1904,3605,832,3697,3430
3489,2106,3987,2687,197,1196
1761,3601,963,2459,142,2290,3154,590
2698,2255,902
902,3980,3420,982,1413,27,1479
61,846,3517,3457,1120
2581,1942,2235
2039,590,1952,3195,237
3510,2649,1123,490,926,1574
1422,1291,2623,2118,2410,3977,3148
885,2958,3070,3224
78,2108,647,2019,3380,804,2491
2506,2096,1583,3376,3841,2477,2901
71,1463,813,3487,3331,2880
3092,2297,2988,2649,2920
2240,3481,129,2811,966,912
1177,280,1499,239,1814,3368
3296,2897,1548,3800,1539,245,1664,1253
1737,3218,1940,3022,618,3851
594,1050,3078,2026,1936,1746,1878,614
201,2178,2342,1261,370
531,291,2155
3206,1431,1775
3887,1226,1094,2723,892,3552,2527
3855,600,1062,167,2962,2923
3268,3960,1512
2488,3124,3091,316,3659,906
595,477,2580,1218,3346,1052,997,2670
1263,2399,3190,1690,1107
2915,371,3503,421,474,330,2496
953,1086,1375,1062,2085,2696
2826,3326,101,1656,1108,3373
2998,1276,766
3798,3568,48,1417
2410,1439,2017
2776,861,3375,3549,1293,1313,1289
626,3134,3196,3214,2095,945
800,3313,2855,2839,942,1065,1767,2511
327,2653,2522,331,3700,2765,1029
1496,1849,175,3146,2799,3237,1799
719,655,3410,833,1154
1488,1922,3200,2391,2423
3549,2109,1052,2956,2683,3507
2115,1894,2935,3745,3180,1494
233,93,3370,198,315,3122,3464,2426
2152,3147,328,2272,3905,2858,3808,2631
2627,2494,395,606
58,2737,2096
3833,2748,1249,147,391,100
955,394,1946,2517,3646,2742
2804,3362,866,2329,1467
3341,260,1496,2512
3445,503,3585,557,815,801
287,1215,2612,3730,2535
1332,1768,57,64
3714,3776,1462,1295,3468
3623,3667,2725
1848,1316,3,3843,681
800,3053,667,3022,2224,205,1078,3001
3703,2991,1553,2105,1601
364,1274,1465,3736
1060,2940,3420,3374,2553
198,1537,897,3219,1415,2056
1521,3496,909,1425,3566,2663
1866,1391,2353,2769,3456,2803,1791
2833,801,3859,1318
954,1133,3440
3529,3664,1946,2249,3519
3470,2732,3829,1531,517
3303,3222,3364,1606,841
2798,2126,3904,2059,1777,1403,1595
662,3987,3008,1501,1939
2210,1705,1286,966,2933,3077,2921,2875
962,2144,2054
3265,2236,1874,1604,3584,732
1946,1320,1550,2191,1393,1159
3548,3898,1305,486,3373,2636,1035
3082,3543,1920,1596,1482,1518
1559,3343,1156
2182,1036,2671,3425,1299,1178,1077,1910
1744,72,2557,3251,2785
2699,1224,2145,1283,1875,1145
825,2385,3239,3982,1574,1466,3991,3790
2197,341,2738
3342,3247,3022,3265,396,2963
274,1982,1827,1099,2014
1262,1880,606
3979,2385,2995,1734,1056,2226,543,1719
488,1888,2546
2257,129,325,1963
1769,566,3128,2744,1799,270
1917,136,685
2654,1542,3210,1374
3094,3749,2921,1703,2154,2903
3332,1320,1748,3660,3148,3202,1854,3396
2189,1307,1251,717
2183,1262,1916,2035,2184,3369
500,3128,3934,118,3420,2144,3912,1534
61,2032,1474,3921,785,1784,2441
3836,3918,53,2749,3786,2667,3042,242
3115,3367,481,1537,3492,1741,2609
1919,2443,3241,1430,693,1766,2715
1035,376,3058,3171,3101,2351
2940,3074,1461,3245,519,584,842
3103,3897,67,3506,3275
229,3365,3582,3356,538,1619,601,2055
2434,566,2801,3943,590,2341
3555,658,1544,2351,3408,3677
2647,2540,1176,1979,3508,3655,1199
1047,698,3842,2376,1178,1638,143,2385
487,1794,195,443,1659,3555
1906,1093,2672,946
2221,303,2121,3109,877
3323,187,3484,3143,1697,3843,2756,3217
931,2287,3955,1536,2144,2254
2669,2956,3352,608,3900,1403,2085
2683,3536,2835,517
318,2658,3311,2293,1104,1929,2717
678,3406,2354,3261,141,2109,3294,2853
1057,1163,1411
2629,607,1481,1469,586,3928
2299,1241,391,411,2309,1166,986
938,3215,2227
1469,2611,59,3530
2083,2741,3533,278,1188,3038,2025
1548,1869,3822
55,1125,1825
1792,1336,719,213,177,247,81
3137,1836,2106
1847,590,1833,2649,3359,7,147
3671,410,698
2986,1098,3722
3281,1242,2837,1187
2263,1075,37,506,2651,2594
3414,953,1550,196,3109,2887
2674,1584,785,1432,1798,1864
3159,724,1339,3063
2747,1215,2134,1731
3438,2942,1598,615
2568,2621,1398,3638,2068,3227,2733,914
113,2795,2298,2118,3958
2729,216,3196,2065,3169,1887,3290,296
459,1776,2514,617,3208
3467,1383,3454,1784,956,2271,2692,1002
156,3418,637,3852,1133,1176,2194
862,3680,1693,2687,3841,555,412,985
3672,267,1192,3038,3826,2667,3420
1978,1070,3872,1860
3375,1048,2357,1883,450,623,3019,2666
1153,2592,1199,1805,865
1685,597,3953,2796,1651
1358,2271,2644,501,3321
3261,3823,3218,1528,1294,2772
2111,2148,1301
1903,2137,2553,2329,2527,693,1817
162,3652,315,640
3566,2646,562
2890,911,794,2423,2722,2869,2039
3005,1474,3403
530,2536,604,188,1433
1110,800,2555,1800,284,2938
1392,1094,2379,2381,1340,1426,987,3452
1247,452,2833,2576,415,955,3236,2922
1,1250,3305
921,925,2058,3050
3291,750,395,3644,1335,936,1935
1995,1012,2049
2879,474,840,3335,1588,2672
2964,1230,1885,1790,1722,2760
644,2024,800,472
3227,2009,812,2700,1571,811,3956
2265,2536,3242,36,247,901
420,2782,2145,3941
113,3199,1421,2115,3044,3227
1384,2952,231,3386
1874,1308,3093,1790,1628,3120,193
825,1013,2768,756,3928
2287,740,3499,834,3675,905,2453
2316,3609,2351,3111,2651,1013
2616,1545,3409,32,2406,3367,2435
713,951,13,605,2825,2202,1857,3633
1556,3766,3936,3856,2734,3288,1548
882,1053,3207,953,714,1333
2620,3913,1166,3888,3045,2556
3029,1870,2258,2846,505,3500,3074
2722,2433,1530,2530
2864,719,2158,38,341,2017
3736,1984,425,434,2145,1009,2644
70,2520,2546,437
3917,3036,2403,1389,3130,1735,790
2895,3218,873
349,2118,3427,2971,2597,3469,3613,2531
1589,1010,3490,2925,3496,3501,158
3456,3980,2804,1438,3569,2078,1776
1442,3425,1828,2729,3331,1614
1083,1776,1299,82
3753,2590,3500
2595,3843,541,1846,1252
2393,866,231
1504,3866,2597,408
144,3914,969
2040,3388,3040,412,1538,156,1074,850
654,3573,970,3054,1229,1337
1130,3564,2215,2736
1620,1771,2216,585
3803,553,2091
997,1617,2731,993,222,3994
3928,3075,2129,2015
3488,3666,1704
2383,2117,130
1954,3749,2525
1609,830,3802,3069
738,300,1970,3736,1702,911,2309,251
453,241,1932,3182,1548,2683,1171
2353,2332,3188
1683,3539,2527,436,744,3107,3872,159
1917,2405,3867,1136,1142,51
1325,3152,1023,968
2194,1225,1800,2076,2834
1151,1379,346,1802,390,1722,1123
3939,3601,3153,2957,2235,2928,1837,3719
3848,2508,2154,1435,3322,1274
1614,1889,1943,1948,2753,3664,646
2466,3760,1156,1377,2947,471,2367
3325,514,3728,1661,3202,3151,3063,2216
375,3721,3184,1455,1532,1421,3142,2808
3993,855,3790,1210,1199
3289,2321,491,222,2201,3191,2466,1237
2623,3954,3617,783,1217,3446,1756
1178,256,3326
738,2878,711
789,3602,1073
92,3112,1750,2400,2315,3352,3376,2038
363,2543,3241,1940,2005
2057,3047,3677,492,2029
3384,43,77,3935,3052,3675
1543,2825,3358
2312,3407,2504,3270,220
1585,756,2555,506,3035,3325,2978
1386,2075,3110,2472,1700,3690,782
3115,3436,1317
3219,491,3201
3301,3655,656,2415,1447,2675
1633,3190,3941,1519,1777,1907,3528,3662
2630,3195,1919,2267,3055,1053,3828
1819,3698,2779,1615,1146
111,1508,1930,717,1123
3746,3578,1296,2795,3352,3571,3075
3449,385,2597,686,3418,2702
313,1272,3392,2438,637,2871,3546
2211,2760,1682,1470,1859,251
433,2202,1851,881
2824,445,679,325,2269,1399,1255
3048,2850,118
2523,3754,2675,867,849,1180,2345,2660
231,1343,2300,2040
954,568,2160
263,2408,2971
179,494,1833,2515,1081,388,3204
477,1345,1262,2662
3781,2203,776,3861,1626,1246,503,2524
1149,835,4000
3261,117,2222,215,1170,291,1652
1751,2377,583,3698
3499,2561,1254,2268
2523,3897,1557,401
75,2780,3469,2843,341
194,2888,2972,90,1317
997,1675,364,2656
1210,790,2141
3620,680,841,927,115,62
3338,2696,2958,3699,3183,1379,2821,1075
1409,3622,290
3209,2364,1601
481,707,1637
2938,3822,1234,3687,153,3849,3062
1296,2346,398,321,793,1914,2525,3402
2051,506,1020,1120,3937,529,3859
1708,3685,375,566,1836,1563,524,1334
1339,1048,3560,3616,3900
1417,350,2651,2565,869,3250
653,3739,59,3231,2195
2104,3266,2868,371,2909,2318
2574,1714,761
1362,2692,2728,1930,3327,2758
683,2721,186,1091,546,996,1583
3300,915,226,2413,1877,2423,3799,3114
3908,2294,3254,2797,1935,651
2230,2560,3065,2659,3863,1291
1701,3782,2096,3816,2422
370,2482,1986,194,3862,1493,2879,939
2316,2888,3304,2082,3939,3392,1100
101,253,3213,3292,429
703,2557,2903,644,29,2918
3104,575,3574,840,943
2638,30,252,561
1696,650,2108,241,3505,2352,492
1428,933,1824,311,2161
779,1654,460,1313,1551,732,3383
2206,1903,1130,1396,3258,1698
1590,871,1139,364
1380,185,358,1719
910,971,2057,2809,1171,1688,793
3256,2371,2257,3265,2402,548,3681,985
967,669,883
1469,3127,3852,2936,792
3058,2428,2116,1058,1803,1352,113
2620,2292,3300,2293,2156,1691
2529,3477,540,1432,300,983,2412
1018,26,334
961,1217,596,3462
178,2290,1961
72,2696,2057,125,340
3029,3835,2794,1556,2672,329,3504
904,1471,1549,816,2291
980,1349,2672,2272,3566,446
1068,2822,3078
3242,1356,3625,3926,1920
3920,639,101,659,2178,3216,1511,2645
172,1998,89,2557,3122,369,2361
1768,1640,3349,1696,597
2224,2312,3466,479,375,3390
1656,1880,2599
1228,2745,3609,2560,2765
1269,2982,2479,502,104,3690
3649,1357,1020,3532,2292,709,1894,3209
2675,2154,2552,2672,2057,1810,1067
1194,2935,3298,1427,1654
2022,1660,1025,1156,1972,759,3290
3906,796,1503,720,721,1099,3714
3756,1255,1707
1520,1430,497
2006,181,2602,3778
868,2596,3432,3412
573,3450,2395
133,1002,2871
309,2573,986,1615,2647,1450,1331,1054
445,311,3649,2953,3377
216,1162,1755
2872,2430,2378,2798,1771
3606,72,2319,1972
3852,86,3928,2674
2650,765,153,3512,3739,2576,21,192
2136,940,17
1787,3602,1410,3335
1441,1681,1857,1780,2618,3615
2127,317,770,743,3685,2367
2862,3174,3148,3763,115
2527,3414,2746,3070,209,2741
3419,3313,3890,894,1516
3714,3334,3253,2868,2043
366,1338,2462
343,2121,3982,372,758,791,3660,931
2718,1352,1637,2472,2071,1365,2781,1102
2892,828,3356
3902,2089,2258,817,838,1136,2405
1089,2154,2908,1993
1563,2996,2837,2519,2741
1063,681,3098,3561,100,616
3936,1205,1112,3633,222,3858,197
2525,3590,1881,3724,832,3183,2422
3312,1840,2567,3678,425,319
964,1574,2833,1937
2984,1651,1654,1365
3953,2795,605,1421,3448,2209,1169,3923
243,316,2643,515,1115,3223,305,526
463,3999,3780,3964,1077
674,453,3715,2656,1898,662,3571,1562
3458,1636,2495,974
2119,3733,3135,2199,574,2666,2367,2884
3140,651,231
1504,3055,1212,2467,77,639,2544
467,2515,1469
3196,2091,538,3951,552,1696,1251,2011
2819,151,1074,1933,2531,3390,2702
208,2902,949,1759,2384
2007,2507,3375,3750,1918,581,73
2973,2428,2086,389
206,764,3573
1009,2213,2356,2819,1768,724,8
2871,3484,829
3003,2088,144,2028,1785
3030,106,1063,2704,2010,2470,684,3876
1183,1499,1299,3504
3816,3504,2266,2359,1555,2409,2470,1314
2687,2306,3993,1359,507,414
1811,3081,2964,2955,683,3520,2345
960,927,3925,3960,2143,3897,2698
2688,57,3575,3780,3283,2891,2488
2833,3899,2684,1897,2720,321,880
1762,1647,150
3122,1977,3234
1007,643,833,3203,2964
2013,864,2431,2852,1880,209,62
649,1616,882
2691,3824,2966
2470,418,2793,2491,670
2207,3633,470,1208,387,1373,2911,3172
2965,3731,1204,3221
102,1066,218,3033,3291
1433,3875,3388,2859,1392,3846,204
2671,159,2186,678
880,2271,1196,2290,1128
2227,3651,3330,492,3238,1329,1856,1497
2880,892,388,1214,1298,411,75
39,501,3516,1486,1603,2243,251
1470,1920,3423,2162,409,3080,21
1626,2545,2367,1983
3254,1055,3708,1894,3682,2060,2180,204
842,709,3020,1875,2948,387
166,3774,80
2278,485,510
3301,2426,2098,1423,2723,243,2763,1150
3832,168,3312,261,1118,146
1312,3707,1484,2838,2852
1592,2838,3230
862,884,610,3429,381,330,2125,1626
2259,3652,1123,41
1055,152,3588,2339
943,221,3972,3106
2921,9,1858,1487,1825,3443,540
2863,1600,2346
1004,2348,2280,1230,3242,1706,827
3558,3521,3883
3106,3290,2341,3332,3174,618,2183,1585
2869,2930,731
123,2184,631,2365
1622,664,3582,2218,511,971
305,595,2239,3023,1228
653,2652,3172,3731,3806
1651,2792,3416,1800,3985,842
1538,1818,2179,904
2514,3181,1945,3121,2773,2207
110,2237,421,948,872,3349
2677,1253,1671,1307,1197
2521,2479,3629
490,2380,1513,1138
3141,213,202,2215,2081,3500,1963,3833
2636,2439,3869,1364,2352,1994,1791,1472
3138,1718,3897,495,3600,3297,1815,361
3525,2941,2063,2262,3104
3361,3861,565,2339
2447,1586,484,3869,2133,2070,1703
1400,3368,3002,2654,2472,1702,281,2040
2444,2926,3563,1988,3000,2492,1000,650
770,2184,1569,3842,922
3239,1680,300,3223,2010,574,3471,3740
1690,849,3266
1712,737,981,934,2023,2076,2898
183,402,3111,1278,2307,2844
2801,661,190,3389
380,3639,696,212,3745,3178
388,41,1885
3175,2530,3015,2071,3303,351,867,1536
3716,880,1087,247,1616,3037,232
888,2673,2198,621,1473,3737,1599
3876,2122,691,769,1270,3849
1137,2632,3833,1790,1931,868,2107
3301,3785,3282,2692
108,2781,1843,529,1030,1406
3041,1772,1026,1614,3101,3856,1707,619
121,1009,3608,1607,2711,2919
243,3577,3886,3377,1042,2104,359,3420
3009,132,215,1744,359
246,919,3478
681,2862,1832,1806,2356
360,1910,2667,597,3927,590
341,2890,2852,1162,2078
2174,1731,784,1033
657,3224,3741,2452,3895,2458,721,1584
3778,1921,3623,2850,2671
3226,1140,14,1551
2634,1683,823,3645,3252,3649,477
1883,414,1246,3378,3001
2888,2263,428
2603,2361,1079,1739,2012,558,1326,225
186,1953,1845,2362,1118,3427
599,1125,2479,2022
1398,377,2944,3888
917,3753,156,396
3985,2805,2732
1975,3725,2709
973,1898,396,3397,3076,2279,280
128,1545,3347,513,924,1072
1355,2582,593
293,1621,3265,2310,1290,2982,3271
1933,1064,2943,1731,2846
3753,1337,3702,568,1725,2320,596
3449,3415,2573,1393
829,3351,626,614,515,3988,721
628,1375,2846,1918,3325,806,892
767,3363,912,3596
251,578,3303,632
180,822,2708
3142,1125,1622,387,3809,69
396,545,3008,607,1476,78,2659,75
3748,40,2625
3806,3684,3766,3023,3946
3044,2835,1772,3809
326,585,3714,2680,1551,2103,1597
195,1888,2491
2489,3955,2090,1339,1955,1473
1145,440,3409,1323,510,1131,59,1341
1097,1109,3802,3120,3463
2872,2563,1288,791,559,3495
2869,2898,3537,3732
3833,2476,2923,2662
74,2046,3299,3222,1727,1985
1148,458,494,1846
1937,1651,3434,1568,3521
818,1514,58
1638,867,258,1111,822
1176,3820,956,3812
2444,3962,2957,472
3144,1994,3040,1965
2670,3307,393,2057,1489,968,2871
3309,3800,392,1965
638,1001,1862,2078,1203,558
3609,1058,2518,894,1856,3612,2596,1646
1750,2059,2927,215,3576,2953,196
3151,156,1987,3561,3374,1888,3427
1189,372,270,2732,2272,1668
660,4,2980,3604,1895,1063
2242,2513,466,188,3594,1708
162,973,3996,1521,744,3536,3119,3461
619,1894,1214,3768,1852,3798,2119
1706,3149,1153,1059,255,3719,3429,1326
3736,892,2471
3918,1299,625,3088,3382,3882,3673,3710
1670,2467,2855,1665,3734,1946
3878,2169,1362,1157
2492,3757,3932,2088,1187,785,1310
3417,2853,2194,3886
3541,3555,2705,117,2281
1710,2155,485,3943,116,2337,1012
2960,1026,2399,3733,279,185,601
2826,2283,359,2312,2775
524,1151,512
399,1524,103
3864,3218,2636,2291
3181,351,2543,1357,3540,1124
3658,84,1226,2170,793,1252,908,1784
374,3296,3794,2471,1514,1047
1995,3423,579,2637,2448,3881
1557,3233,2307,496,537,2047
3395,1601,1459
3895,314,810,2193,1863,577,548
3569,2055,1983
158,2688,2512,1012,224
3272,2768,1273,245,2939
1628,3640,1212,966,2038,2717,896
3982,3995,1448,319,578,3111,3521,406
2290,2354,1956,482
3026,3066,3660,3774
2095,1821,382,859,10,3464
2854,1868,154,2342,2769
163,464,2606,3715,480,848,277
521,2698,3634,1463,1771,995,985
586,3547,2533,3440,3404,2570
2513,3868,1279,3950,3542,191,2147
2088,3175,2153,2715,157,2669,1053,948
1469,590,2320,2462,882,1180,581,1247
3825,3905,2181,3447,42,559,2436,3560
2856,434,83,3471
254,2847,1813
3341,3621,2572,3082,1386,691,1482
1362,2748,1965,873,533,358,123
764,802,600,1644,1542
698,3430,1462,367,1985,925,1843,2823
3656,2816,701,3814,3969,3657,363,2588
3971,304,441,2605,3646,1550,1648,2985
761,3693,3581,2808,3976,246,1125
1087,2023,1077
17,3650,3534,869,1810,2236,666,234
2908,3003,3810
3126,1912,3396,825
155,248,1818,1686,1591,148
3656,2165,3641,1634,755
412,323,3775,1126,93,3648,1986,3402
1625,2559,189,2194,3121,1594
3415,1937,623,1138,3366,1884,1888
3611,3249,614
1876,899,2332,2528,3901,368
1645,220,3913,2459,1510,3830,1540
70,1216,2448,2569
1116,1768,2537,3980,3770,2806,864
2570,2451,2650
137,2205,3693,3403
2172,967,1036,716,1535,3133
1342,106,2002,1459,360,850,614
2496,751,1409,1582,1624,1980,646
3549,770,2288
2676,3848,2588,1499,598,1545
3364,2333,973,1947,2114,3994,322,742
1106,1407,3193,1498,2471
2469,1433,3146
397,1940,2042
1990,2731,318
1207,904,86
1892,1730,402
2574,3001,533,3390,2648,3394,1717,1041
3283,1091,2611
1573,889,643,1565,209,598
1744,3860,3516,1735
2306,2758,2635,963,2935,1451,1161
3958,3066,3514,75,2037
1902,3453,2809,560,432,1045,2451,500
2492,1226,3413
2349,1920,2541,2317
1096,2420,130,550,1477,754,882
1071,1432,2907
3786,1063,1243
521,686,1542,3292,914,3120
1844,1064,2751,2095,2392,3963,591
3518,1552,1925,3629,1478,2650,3502,3915
136,521,3294,440,306,397,2660,1237
1508,3077,1881,1084,2363,1164
536,1860,1888
3586,2432,2385,248,2236,2011,2537
512,2381,3327,1803,3565,3666,2719
2164,261,3325,2532
725,2795,1973,485,2967,2292,2520,3823
2196,2488,999
3506,1281,3674,1592,2854,1629,1790
3274,1978,2481,2408,179,1809
1346,1273,2033,196
2460,3862,2974,2961,2104,1305,1698
3639,1506,3879,2364
2915,1984,249,2960,1538,2458
3651,3951,394,3883,675,2929,3064,2415
2045,2841,46
2928,940,3896,1212,2485,1394
1342,2889,353,2593,1514,1142,169
2017,90,3547,215,1050,3507,2622
1663,4000,3071,889
3049,3707,1008,1666,816,3745,91
3632,2582,2244,95,1732,2420,2698
3513,2729,3334
2251,234,2185,1565,1954,1838,102
507,1049,2385,1260
1885,1946,3528,1005
1706,3159,3089,1858,2037,2000
734,1486,2517,515,148,341,910
2514,2763,1356,457,3005
1943,1808,3192
1695,3198,1408,965,1162,3073,3232,2186
1208,2495,3812,1363,644,3793,216
986,1734,547
739,2391,3828,3673,3488
1142,1971,1744,746
3862,312,2121
2957,52,1678
2233,3169,3724,3354,644
2676,3923,3925,664,1283
2442,1803,536,395,700,3632,3718,2753
3471,644,2460
3927,3299,633,3911,2182,283,708
3432,126,3775,3978,1999,867
1452,2169,801,3727,3163,2686,3586,1301
3444,1756,1278,939,2553,3211,1217
847,3116,1854,3814,2225,2616,3535
1166,419,2634,1907
1634,3782,3541,3807,857,1471
3063,250,3997
1158,1259,1160
790,1661,345,3667,3846,2992,3630,2182
761,2241,73,1699
3974,989,854,235
3138,2465,3521,2635,827,242
2130,3034,649,2840,2532
38,92,1298,2893
1976,2867,3376,3373,736,384,1005,734
3695,3867,3153,1941
2532,787,2091
2612,1800,2568,776,1074,1867,2479
1233,2769,2710,693,1751
912,2422,1394,2842,2809
1596,1521,486,382
2246,1959,3376,508,3417,1144
3105,1061,1629,2961,610
414,551,1860,464,1544,1819
2412,3089,3265,233
244,458,3717,3044,318,2654,1430
2242,954,1145,2259,686,1863,882,2149
3800,2903,361,3144,1569,2829,705
3421,2258,2801,3149,1589,759,3986
1525,2087,1371,2517,2154,1168,687
2071,3655,2760,2781,9,2021,940,2284
524,768,3375,2276
2302,3731,1917,2028
546,3265,2388,1117,3124,3781
1471,82,165,1330,1243
456,1977,157,3557,85,42,2540
1873,3884,601,3021
2010,1268,3976
3312,1805,2531
2663,2050,1728,1317
2943,121,1036,2221,552,688,489
528,28,630,1603,193,3990
3963,588,74,3077,596,3779,3263
2398,1514,2802,1261,3072,833
3992,28,3866,168
2327,3034,3987,3309,892
1462,3226,156
1267,1551,3107,3340,421
2701,3278,2059,2765,835,3218,2028,290
2213,3002,491,3218,579,152,1080,2526
2228,225,3995,2120
1977,3032,1904,3585
1671,3586,3641,3007,1331,3648,3094,3992
2090,2112,2233,710,1210,3257,3942,713
1972,3979,3791
2413,898,1905,1029,1321,1622,2978
3770,3494,873
3397,3702,3803,2132,530
2033,2102,3828,1321
3754,3092,2985
2059,2934,1730,2578,2837,2309
3157,828,834,1037,183,3416,3291,1827
3586,2185,1382
773,1038,961,1144,1197
3566,2632,107,1802,2038,2647,3289
1856,853,3097
2252,3814,215,416,3295,3787,303
1920,2306,254,3503,221
2396,392,1827,3142,2333,1127,2579,993
723,3145,252,1009,432,133,3796
153,2656,1675,3277,184,3930
2116,629,333,1590,1564,713,602
3097,639,3016,3906,2245,3769,338,830
2296,3518,2184,2586,652,1497,10
1310,604,1569,125,999,1724,2936,3306
2258,1539,3067,892,3549,1957,3685
693,3535,1751,498,1445
902,3384,3318,3089,1875,2880,75
411,3101,2520,1933,2530
2861,3605,3654,477,428,3510,346,1378
3598,258,3716,1076,2136,1189
3859,1379,798,44,365
2914,1169,2934,1231,1355
3001,113,1967,2811,966,521,2241
2971,1136,1779,1769
2294,980,578,25,445,1238
2051,2270,3055,601,760,1433,581
2251,1974,2671,488
1819,756,588,1024,3042,2220
1440,3498,1038
3149,3045,3033,285,492,425,3106
896,349,2877,3427,1071,3047
1713,73,2474
3575,2010,2232,2728,389,3849
886,264,1226,1698,38,3114,600
647,2427,2056,2968,1006
228,476,1194,1362,2037,882,2212
3008,24,1883,2389,208,3369,2348,1187
1722,2083,1596,2944,288,171
1107,2704,669,1596,2783,3908,2985
2655,3228,3028,2937,992,365,2680,3520
173,2365,19
677,1334,1121,2491,1416,964
1557,2131,1344
1651,1615,1710,1251,2081,3543,973,3720
534,3901,2149
1963,713,1550,2946,1933,2718
3680,3444,1556,913
1939,321,3261,1828,2882
3554,2254,1933,168,1245,27,474
1191,2151,2465,96,3006
2643,2566,1850,1325,1653,1505
2086,1032,1840,1137,193,2033,2248,88
2197,103,1421,2039,2872,2588,1005
2981,1895,1791,1592,1837,511,1949,2252
119,3414,2086,872,1191,69,2413,2719
2702,237,2146,2696,1318,3568,3716,905
3148,150,2362,2006,3873
2910,643,1163,1743,195,308,3512,1811
171,2233,998,2684
2680,2639,119,2284,2827,805,1950,3593
3261,2132,3140
3297,2884,2781,326,2473,2515
636,1037,2850,3409
3013,813,1298,2427,70,732,184
3348,2279,2354,1820,1960,3371,3642
2144,2326,3825
2586,832,3118,1310,2650,1567,1308,801
637,2886,216,2777,2960,328,2170
3950,1852,3740,3292,233,2166,2758
3999,1241,2067
3439,884,3500,2232
232,1865,1751,272,1515
1763,1669,501,3717,26,2418,2215
2736,2262,1539,869,2163,3749
3530,3234,32,1834,3499,826,1367
2977,1741,1646,3484,2857
866,570,2722,3380,1107,795,333
3122,1697,3909,3027,1921
2328,2314,3018,58,1682,3954
1765,75,2862,3174,3984
222,3849,2735,2776
1268,2548,747,2,3972
3800,1227,2406,263,3104,380
1843,3775,469,1150
1281,3913,3538,3308
1552,385,2386,243,595
2131,827,1914,1534,2526
284,233,3550
1220,1935,3678,11,1587,2376,3073,391
1988,3093,2472,1538,3991
2190,1352,1576
3830,3639,604,1190,3949,2441,645
2264,2057,2718,2557,2563,1758
1867,830,1284
680,2006,2703,2330,1134,2790,2433
508,3105,2677,1272,2565
322,1344,635,2943,3129,3459,3930
1384,2074,3520,2004
3613,2332,2324,1144,992,2048
752,231,3653,1563
2283,2235,104,3856,3359
1613,2190,2508
840,1942,1756,1380,3349,257,1972
2457,3561,255,3405,3920,2943
1201,2428,3994,316,2243,82,3833
1287,1993,3696,2763,662,1278
1812,3930,1442,807,1742,1075,2514,3209
1146,520,133,3077,1490,3961,1618,1682
1598,3870,3212
2276,6,3020,2981,69,2993
2746,3085,632,3650,589,1273,374
3530,1588,2465,1908,381
22,3183,2322,1139,485,1669,1017
1313,3206,1016,3246,3608,3144,2312,881
1412,493,657,3552,106,2104,3099,3532
1411,3152,3736,2852,427,887,2040
65,3810,1859
1051,889,1571,2757,2932,1535,38,1492
199,3113,1537
956,3287,3644,3469,2169,3516,2933,1441
1528,2134,2140,1586
2211,1391,2826,1473,1303,3370
1,3461,666,979,3167,2135,3506,321
930,591,1299,1382,1507,2429,3527,15
974,154,2848,368,1088,1243,2727,3432
2610,2535,3510,3780
934,2705,1562,917,2659,813,2516,1545
3350,3924,2507,2807,1867,549
508,3749,1167,889,2152,1407,535,1189
2760,227,418
1008,2614,2963,3535
1269,3447,1505,1509,3977,175
3248,2039,1410,3384,1061
2657,98,3875,2148
3530,2338,172,3324,809,2537,3803,2438
54,1890,2086
3769,883,1209,14
3839,3896,850
2975,3924,1772
871,1020,715,247
2894,3109,351,972,2783
1667,1987,3275,356,3660
2804,1246,2497,2556,3286
1818,3293,675
2409,1735,387,44
736,1623,2274,1974,3228,990
1893,215,349,1295,990,3274,1622,288
1832,109,2679,80,3651
186,1230,1057,1499,1674
2900,2518,280,2704
992,1776,1172
2161,35,2351,1720,1005,3303,3568
518,3900,2187,3530,940
1246,3273,1369,1867,1600,2142,709,2143
155,611,2604,3909
2505,3836,3227,2935,2959,3719
1893,1798,1312,1408,1275,507,3612
1039,3649,728,257,1386
1752,292,186,431
2896,3260,3869,3042,2538
386,2184,44,799,489,1646
2428,3900,3856
3978,1554,1097,517
1305,3847,900
1101,2380,518,3086,1091
960,3462,1417,3665,1605,2529,1416,1374
2687,3806,2631
3854,1340,2667,448,3422,1232,373,3531
2079,1972,1496,2772,487
1526,2543,2064
2979,3100,1120,2289,566,1566,1115,3355
1843,2053,1542,1900,1490,3253,2551
996,1732,810,3209,1742,807
317,76,3886,627,3770,927,3756,3060
356,2125,2479,600,2274,3428,1433,1073
3488,234,2783,1811,2660,2135,1431,1575
2935,1302,1717,2946,2385
2849,1675,3944,28,3637,576,1006,721
2096,1951,3606,1884,2461
2310,866,3938,3612,3133,3
2924,23,1019,2531,2090,847
3575,2703,640,3456,65,2171,200,530
86,3142,985
3989,578,2094,2948,2259,595
1796,1260,1546,3474,311
2770,1152,1536,3592,2858,1017
2740,322,1730,81,1269,647,3576
317,3798,2219,3981,2289,3079,179
1893,498,365,3643
2210,882,396
797,3071,1055,610,2943
3911,3946,2939,2358,2999,414,2875
1997,1604,679,1776,3866,3213,3639
1177,408,2478,587,3864,2131
1780,1667,1107,334,183,235
2219,2609,2891
73,2380,690
2400,1637,2159,863,1166,1668,2549
3260,1849,1481,787
3557,770,2370
2227,482,1230
1700,1522,86,3055,1896,128
3029,3246,1704
2785,1216,1829
76,1698,3938,2813,2845,2137,2342,2305
518,968,3319,389,3530,1478
148,1059,2161,2351,3886,1935
3488,934,15,681,737,1060,510
355,2242,3988,2187,1848,233,1678,3543
745,3650,726,3994
231,3592,1940,2273
1676,2749,2714,651,1749
13,36,567,2600
1416,1685,1435,3214,294,2905
3379,277,306,2000,3660,1352,524
2985,564,2245,877,300,1551,625
155,1073,1286,1119,669,475
1762,2922,576,3815,607,1236,3627
114,1523,3722,3245,2462,1059,774,1342
2474,2130,3787,252,3108,1629,56,1852
2429,2135,2324,2648,3480,2983,3923
2347,3148,2296
741,102,3906,3283
3723,1724,1770,3702,2039
1418,3332,275,282,1633,1424
3599,2957,3068,1194,3445,2024,4000,160
395,2741,2695,3493,2204,3474
963,2158,2479,3865
3908,2710,2637
1324,1814,1932,1137,1958,2572
3415,195,779
449,3152,137,299,835,182,2459
956,1714,1833,8,2931,3787
1243,2597,2677,3937,350,2899
2592,476,3262
1198,2209,3500,3977
1489,367,3936,1133
625,3336,2597,3262
1412,1446,1456,1455
3133,360,293,35,1886,1269
2346,1398,222,2064,365,3060
1485,3196,3108,440,340
2990,2256,3904,321,2636,3045,3353
3414,2553,3333,2438,2175,8
2430,14,855,3823,1360,3721
2135,3195,3252,3760,1026
2183,1973,3677,3528,3145
458,3058,313,2994,3716
3534,1300,829,138,330,2785,2668
1673,2512,1261,1206,1780,3917,2052,2161
2064,3594,3702,2459,72,3522,1708,498
2222,2309,3742
2793,1189,2043,2457,1240
3552,2426,233,3158
3163,199,763,604,3804,1313,114
1436,2065,1597,215,1159,2343,1112,1695
42,351,885,179,563,2372,894,777
3755,387,24,2882
937,2096,3460
3451,2351,2151,3165,1097,2596
1482,3233,567,2821,1452
1712,3896,391,1052,2143,1891,2494
3623,2372,3945,1253,3921
2823,391,1511,706
3581,2386,543
3559,1935,2690,3341
48,1019,1521,3004
925,2781,2748,2825,3854
2007,954,1876,12,1447,3231,248,3603
1376,3852,3022,2157,2689,3615,2535
3554,3267,3823,273,1733,1491
1616,1289,2125
2028,2099,3390,3452,3968,1606,2756
2268,2135,374,14
1367,1695,1207,3365,2184,1879,1740
1590,359,1751,927,2679,1588,3211
553,785,1456,3809
2272,1455,1625,532,326,3696,2629
783,2485,2710,2358,2524
842,3908,1761,2755
2111,2681,1327,1480,531,2099,163
3043,1180,902,3833,1755,1460
2116,2996,2433,3264
3501,3747,3009,3360,1187
3097,1536,3163,293
3152,2775,1511
1958,3771,2402,3461,1501,3632,2043,2053
805,3899,3618,162
2984,3644,1911,1650,3917,3299
2298,1363,1470,1529,3042,2428,2893,1472
2251,1278,1900
1871,32,3811,2463,1525
303,3600,2831,64,2671,1784
1679,1041,3949,658,412,983,3392
1014,1863,3548,1580,1858
3984,1339,984,1074,3955,2344,2706
2320,79,3442,3514,1171,2746
3999,2723,3911,1805,3532,3545
2540,2001,3444,1744,2592
2543,3587,811,2195,2154,135
1940,409,3272
3967,1872,1161,1240,3104,839,1744,2946
3668,1814,872,2963
3842,389,1670,2414,2382,2296
1316,199,1382,2105,860,985,806
47,3118,470,982
1545,323,3399,3314
1929,1337,2869,3887,1963,1379
2973,226,1994,3690,647
928,1215,586,2603
2113,2657,2470,522,3120,2097,2542,3255
1244,530,2925,1362,1685,822
1241,1100,2494,3647,134,1080,2982
2935,1551,3976,3046,996
2187,261,251,321,1526,874
388,1865,3420,410,3262,2770
2030,2254,1685,2362
3590,2191,1424,1043
2511,1784,1648,2025
522,1068,2692,969
1863,3746,2092,609
3906,3011,260
1163,2475,2384,3309,2196,574,3541,2762
2756,127,2668,994,422,22
605,1858,970,3659,1829,2051,1817,152
1792,2947,3070,2664,755
168,3355,85,2393,2334,3315
41,3436,3885,1241,1223,3727,2396,2293
1349,492,3308,1440,1498,988,3434
2324,1447,2338,1898
2787,3237,3046,2199,2775,3164,3029,1241
1912,3059,2993,2167,2293,1470
3829,3756,77
1389,449,3406,2143
3793,3692,3405
940,3045,991,1887,2636,459,2079
3106,538,1358,3562,1491
1433,3276,142,995,936,571
1037,3857,665,1884,1421,662,58,407
1305,2498,1597,19,2558,2346,751,3144
3830,1788,2221,2447,1196,2338,336
1851,3317,2875
244,2474,3200,2929,286,2847,68,3835
2759,2752,1742,960
3455,2110,3870
1143,2330,676,602,3121,3580,2784,2644
2842,1182,3457
3743,2524,372,393
2095,1654,2301,3570,1473,2477
891,3926,2078,3588,1301,2422,586,3507
2133,2067,1001,1963,1923,2652,1478
2096,1179,220,1406,3951
531,1753,3521,2312,3141,2747,2963
923,3834,3858,161,2034,1552,2611
222,3109,1930,1508,859,1701
448,1552,3748,3596,380,1386
2910,2154,2261,3044,499
2397,459,1949,3066,188,3404,3152,1154
657,1395,1435
166,197,1687,1136,239,690,1870
1991,2313,2087,2552,3242,3947,1157
2902,347,3869,1910,3684,3750,2632,2152
1108,3178,1809,2443,3737,1759
1553,3991,2204,3141
3036,466,1294,3879,505,3505,1324
3211,1201,2573,941,237,2315,3062
2028,2632,307,3802,2569,1345
40,2342,121,1299
3116,392,1682,2640,2160,2990,3264
712,2390,478
1411,2099,17,697,3093
163,263,94,469,3769,2216
1337,1517,515
1929,394,138,1642,3739,767
476,1092,2264
3554,2835,3131,1015,1010
361,525,2852,2937,614,1809,1302,38
3903,2368,3495,3060,2947,22
1784,3300,1260,2474,3538,3585,409
1935,3876,1656,1763,2798,1778,1637
3710,2912,835,1170,2441,1234,728
3964,2728,1069,1528
1622,2964,2493,1286,1696
597,466,2108
1489,3959,2966,3657,328,3075
3917,3820,1724,1824,1557,296,1888
2994,257,3643,2389,779,3181,1360
3434,2357,625,152,1726,3130
3275,1144,1059,730,2089,796,2724
3308,2910,138,2074,1856,1090,1195,2794
2987,3101,3222
3824,1565,3171
2420,3873,2002,1261,2599,3455
675,384,544
1592,3700,1696
510,3339,3415,2447,2028,1043,746,3064
2997,3565,2567,604,1058,2697
805,2027,1229,3713
3232,2266,989,124,3665,1162,3514
3092,2837,562,3418
759,2348,127,1463,95,1180,3783,2170
2833,2798,1006,832,820,2951,3254,1007
3037,970,1876,3434
2980,2845,1147,2804,2283,1324,2017
3732,344,595,2839,2941,2588,546
2070,1120,820,1371
1229,2976,3498,864,1358,978,2832
758,446,1391,2557,1273
115,3355,2056
3150,926,592
334,56,594,2432,3025,2810,912
1158,1888,2368,407,3684,636,782,1520
1072,3427,1855
297,3898,2347
1155,2814,3272,577,653,1572,157,2577
3791,3332,3875,1081,2197,2419,2153,1236
554,3280,917,1954,3620,54,3784
2246,1695,2537
3516,1634,2531,3822
3063,925,2865,2582
1270,319,105,1958,3204,1307,2807,491
1418,749,1051,1603,127,2943
3221,2153,2525,599,3045
2669,2150,542,2780,2970,2676
3642,3604,2323,1035,2483,1655,1508,766
2549,2506,1249,3143,3028,2263,1454
1157,1794,568,1768,1891,3464,3691
533,2831,3751,1303,804,3143,327,3616
12,1381,2965,2814,2687,3595,1605,1933
2423,1164,612,839,793,3965,3012,720
2746,704,3899,1167,3352,1649,2006
906,1114,2779,3449
767,2069,2172,2042,3765,3446
3031,3214,1634,2820
2136,3598,930,891,3522,2157,3843
1897,429,3862,1752,2568,1730,2143,2835
797,1931,3761,3323
2581,2886,1913,3869,947,3210
1598,420,2397,1100,1745
1087,3552,3102
2322,77,2517,25,513,416
2009,811,2512,115,3081,916,886
3515,3285,3362,2572,1570
2103,2609,2761,2689
1239,2281,2035,1686,2053,1542
2549,856,1515,128
155,272,1699,1970,439,500,2932,3584
1692,3286,1357,2878,3023,703,289,1048
1383,313,489,1315,2884,2925,127,56
2336,3661,3309,3454,3711
2899,1508,123,3018,1148
2896,2498,1676,474,3741
932,2519,2178,815,686
1217,2378,2132,3204
831,2028,460,383,3549,2660,1124,3582
1612,1139,411,3860,3906
1436,3706,2069,1599,352,437,2984,3808
1945,875,2184,3918,1500,3968,1274
2723,1411,950,2670,337
3243,735,3330,3955,3082,472,2645
3939,3667,2346,1801,1611
1017,206,3801,1614
64,553,2917,425,2283,1583,347
939,156,3468,2796,312,2427
717,3941,528,3123,1141
261,2648,3712,1472,538,3251,2060
749,2048,2904,1243,3637
781,2044,351,287,130,3174,424
1427,155,1818
2008,1697,3189
2251,1988,347,279,87,71
2824,3624,65,3732,1911
2889,1605,849,1497,1516,678,3176
3775,2802,1427,360,3784,1773
1357,3288,3351
1221,1702,3161,2775
3898,3223,3098,874,978,2453,3317
3628,3927,3521,180,645,1943
2022,2088,3380,1346,331,3903,2242,2782
3411,2225,1616,2671,3030
2866,913,1275,2545,3227,1537,250
983,2398,3932,2698,362
2967,993,3362,986
3121,348,2963,282,383
785,1010,495,2039,3847,835
1546,552,89,2233,3218,3824,3667
3333,2405,3027,1224,3551,1299
2510,2746,3784,3348,682
3106,513,1382,3095,3304,1168,3306
2773,3459,2209
3647,1151,3557,2659,3835,1840,3243
1716,425,2528,1125
3651,1152,1410,904,2014,1695,3818,3092
3479,251,1164,1953,3413,234,3761
1077,3458,220,3316,887,373
3014,3217,2300
3068,3924,3337,1757,828,1480
404,38,1925
117,2453,7,2318
3493,2895,427,1870,1665
1823,993,1687,2729,2500,2635,2282,2246
1614,2195,2440,2041,752,2417
1653,944,1742,1964,2142,2078,3282
735,3641,605,461,1772,271
3327,3989,3250,530
7,639,2972,3706,1164,310,2135
1522,29,2897,1100,2387,786
2884,2313,532,2416
39,2576,3516
217,2403,3530,1828,2376,3358
3051,3184,1555,1877,2385,888,826
3330,1406,3667,56,2543,3694,3325
3538,2746,3453,2243,3549,297,7,2410
1912,2015,3993
831,2854,3588,1082,2081,2061
3986,468,859,2426,85,799,3088
2782,1970,2094
2621,2716,3475,3759,655,3009
1693,2757,29
1409,2154,2713,664
1178,2252,3361,2214
2220,1574,2479
1697,2526,1643,684
960,1196,2706
1520,2482,2938,1944,176
691,2377,2561,3257
1909,1401,1332,1675,3147,919,2407
3524,1247,3178
2498,3614,2551,1139,3271,695,281,1788
1223,1014,3384,3171,230
2194,1948,2208,2895
3689,521,240,979,999,3431,169,3876
759,44,3957,3540,818,3880,1205
3352,3339,449,870,2857,21,173
1444,2129,1431
656,75,2896,1701,812,2831,1668
958,1769,3046,2213,3626,3163,2585
2833,3840,620,3216,1235,826,79
1874,399,1233,381,3334,3406
3463,2144,3085,3181,3401,2193,2820,3674
3964,3357,2998,3537
2117,3894,3531,3858,83,3792,2903,3465
1338,247,3685,2789,3897,893
2701,1494,3871,1710
851,2460,3366,307,1773
786,930,2253,2761,1534,2795,2741,87
928,3213,2306,839
1276,3101,1200,3728,41,3554
3203,1246,452,1899,3733,3593
917,1777,2536,2524,1113
3365,818,83
3626,1522,214,3935,1823
1090,2360,829,2650,1253,341,2915,3527
974,2871,3156,1234,698
1393,1209,1907
1271,3124,1944,3499,550
1223,777,3702,1471
1317,3863,902,1493
2048,3606,117,1920
1611,629,1671,2912,268
267,1133,2619
1413,2305,549,1438,2846,212,1053,1822
1996,37,670,1350,3959,2032,2080
3747,200,3606,1272,2024
2586,467,520,3647
127,2065,1567,1549,179,464,1247,2718
921,3671,2858
3523,2017,1953,2894,2649,3547
138,3770,3673,2724,3960,2486,2688
222,2789,3136,3455,2250,971,3193,3642
3427,3760,983,852,3019,880,1277
2543,1459,3920,1234,3470,3049
278,174,845,417,2592,3012,3742
915,1426,990
3399,3832,230
573,999,3295,3683
2110,2086,365,2017,2679,1044,687,1763
3548,2846,3188,1188
1325,1022,1632,350,817,29
2023,2638,2563
2359,1962,2415
1574,3041,3746
3292,2894,2984,2274,3264
3344,2629,1243,2928,30
1142,1649,582,1895,440,1506
3451,773,1694
3363,3350,580,338,1869,2523
1617,2309,3497,1178,1678,2391
215,1414,146,2084,3858
1559,26,3311
2028,667,805,1390,3314,1245,3513,2795
2739,528,107
414,3916,2428,3194,3768,2191,2992,2854
713,3071,1116,2302
2830,2070,1023
356,852,1169
257,2056,3084,328
437,3425,730,2304,528,1996,2897
1664,3710,2468
2230,1769,3759,1489,2189,2790,1242
1466,675,1385,3753,2560
595,2817,619
2077,796,972,3651,3446,3682,2089,1681
2166,3777,314,2296,2105,1286
2700,3406,2583,3981,3894,1121,448
2792,2958,41,795,2714,2485
727,3182,34,2237,1016
2719,3617,3745,3307,2032
3730,1751,1150,3095,782,3261
2887,2403,316
378,1984,48,2764,731
3758,1070,1309,3674,1511
3347,3695,1689,2805
972,3391,961,3356,2246,801
553,1695,3971,1549,3720,1092,3536,1776
2655,1618,508,2951
2692,2062,287,3858
3823,993,791,3078,2835,903,3300
2597,2880,3640,514,193
3227,844,3773,226,3380,2877,3463
2428,1900,3554,1107,3009,2171
2141,2702,1473
2242,956,2858,171,2157
505,3813,1767,2758,3517,28,183
1303,996,2251
593,2779,2636,3391,67,2623
3538,3846,3809
3125,103,2147,24,3260,345
3362,430,3437,3623,1338,229,2571
2636,2819,3044,1569,701
1324,840,913,3399,3712,822
2765,2580,1789,935,3251,1604,3531,1200
1174,3486,3115,3375,368,1222,1497
264,3515,1984,2013
97,1123,2163,3341,2848
3490,2754,3727,2882,2832
2861,254,1620,2135,247,1567
1718,1424,2682,2158
2115,3531,2584,1408,3055,2872
2780,3134,501,2774,387,3987,1110
180,3388,1568,3580,1722,3879,726,563
3664,210,2438,1479,1895
3767,843,2350,3490,347
3439,3210,3390,475,3606
626,2921,3456,2158,1755,2438
1681,3140,377
2039,2460,250,1007,3422
968,3183,1459,1940,2228
43,3035,2946
3818,3576,2776,2732,3177,1675,2802
1875,3388,70,982,986,980,3727,3083
484,1603,1942,3402
1724,370,1420,1515,3639,2863,1990
2203,31,767,737,571,1789,2968
923,3410,297,3623,150,2363,3025
1219,1729,3463,3689,971,1831
3543,889,1295,1515
2214,3078,3593,3625,203,2507,1433,1042
3598,1054,3396,320
2460,3753,2488,3274
225,603,1194,2767,132,2160,2579,2269
1666,2746,669,3995
189,3063,3052,2654,414,3469,328,2502
3251,3570,1636,3575
3830,1751,1413
3931,2340,3418,2698,2016
3214,1656,790,779,3212,1117,2919,1039
2495,2469,103,2647,2668
3203,791,281,634,1229
2929,142,3821,1934
2966,2583,2238
1019,3031,2346,944,1043,1151
2260,1624,2721,3945,3066,983,849
2740,3692,3789,2331
819,502,60,355
3845,151,967,2621,1857,424,73
812,2285,3142,2717,542
518,794,950,3968,3741,661,605
1469,2461,2083,2649
323,3650,1944
563,3737,901,2803
107,3330,820,2701,3542,2814,2298,1506
3601,1857,3599
3416,2768,623,374,781,425
1427,951,1306,1930,2700,1155,1235,2352
2625,2388,3911,3919
1222,329,1812,3165,1035
2828,2008,3263,3320,550,1146
3810,938,3281,3692,1379,3956,3183,3540
2896,2608,3138,3579
2808,902,3818,3209,1684,560
2072,3848,2120,2866,3182,3808,1691
2331,1962,2963,1997
710,576,1752,3607,3123,3244
3526,1838,2059
1716,897,1330,2008,2636,1261,390
1354,1171,3314,3913,426,1470,2763,2573
2704,2687,3282
1240,3613,724
1117,2803,3451,1422,848,280
232,3539,2340,1740,3321,2937,755
1502,439,3262
804,1233,519,3085,9
1834,1862,2267,3092
519,2619,630,2296
1337,1288,3404,744
2566,2622,650
1314,3475,3062
1201,1641,1127
1006,3024,655,3142,3908,629,1932
112,2892,2197,506,1615
2550,1352,2436
3340,3216,397,3491,2131,2710,319,178
1788,1395,2895
3288,3435,2839,365
3102,206,3941
1757,3080,1311
2908,3948,2934,769,1798,2098,1138,119
3193,1655,2231,2313,1477,2161,2209,3025
3991,1911,1635,2757,2649,710,1171
1180,3847,2593,3382,2272,2116,1122
3226,435,1632,3280
616,1381,951
2532,2898,851,919
181,3490,659,1720,2987
1154,3610,88,1683,2170
3525,1240,786,3521,2559,435,340,2704
256,3331,2516,2254,3865,2965,195
3591,3016,1016,1676,1800,1022,3642,2115
3318,3422,1596,1595,1101,61,47,268
375,1284,3026,1326,3548,3761,2385,2282
3078,1621,3412,1685,491,1533
2742,1954,511,305,1177,2161,2675
3027,382,2371,1544,3005
544,2002,498,1709,2126,3968,2025
3909,623,2430
1306,406,1291,492,2649,421
1701,1221,1656,55,3522,2701,645,1138
2172,1696,1412
1891,1953,293
1494,2287,2303,942,1824,3940
3283,2843,3286,370,1395,1109,3186
2663,1800,1641,350
1717,1110,1420,2274
3172,2463,2380,552,3379,688,1103,3854
1594,3847,1579,3857,1225,2388
1554,739,3896,920,2449
503,1712,358,2528
1654,2401,3189,1052,3495,201,1326
714,3354,739,1324,2587,3360,2597
2322,1386,161,2978,3954,1786
2615,1380,881
2342,2080,3854
3022,3315,585,664,774
3157,2330,3595,2445,3105
3247,337,2742,2664
895,691,1833,3944,3151,748,913,1733
1036,1249,1483,2937,794,3204,191
3157,348,2673,3351,2292,105
2395,217,2755,52,1778,489
3267,1226,682,742,639,1194,3825
861,3930,1732,2223,3045,3491,2054,2174
339,3395,1692,1525,799
391,56,359
3529,3514,1615,1696,2364,1693,1500
34,1500,951,2,3163,2746,1705
3611,3993,692,1405,2071,1030
1992,1485,1948,872,3160,2617
3958,1775,2125,3278,3221,1391,332
248,2277,2862,2132,2323,2796,3167,3978
3592,2189,1671,212,1413,1290
507,2062,1788,2481,2962,2763,1480,1718
3188,783,1388,189,191
3273,1633,1341,1576,771,3046,2036,929
3289,4000,172
3413,531,633,3024,361,2878,2913
3375,3026,1976,2913,1811,114,401,1874
3536,2834,2177,365
1626,3563,3387,3141,1613,3711
1631,952,2908,1782
3457,3484,2974,1991
2054,2172,2260,1277
795,1886,2371,3528,2141,683
2865,1099,627,28,2282
3221,3193,3540,2905,1334
2293,78,797,1389,821,1494,2083,1840
2931,2614,935,1757,892,3895,1600,1522
1872,2863,950
2206,1784,3126,261,3892,106,2495,1674
59,297,3204,3163
1913,2823,327,378,1380,896
2002,2748,1812,996,3931,393,1707,210
3727,3538,2731
2546,3188,2826,3424,537
2532,375,1821,3567,3449,1743,3923,601
1174,1719,31
3256,1897,2083,2527,1607
2803,3650,2865,297,363
1288,249,2763
3800,2025,355
2068,1223,3323,2640,599
1824,361,149,1046,2426,3856
2422,2989,1875,42,2734,1620
261,2256,2890,1875
45,837,2677,2568,790,1952
1193,1011,875,639,1877,3339
2438,3257,3124,312,714,1796,2058
2635,256,18,659,9,3207,933,3137
1526,2112,2303,248
223,3302,3067,780,660
3922,2035,2700
3018,1401,841,1858,914
757,3600,2580,3949,676
2363,1102,2820
1386,3131,3569,2746,1808,3054,3454,2135
121,3217,906
2144,2162,1120,3256,21,577,1938,3329
3982,3747,2525,579,1138,664
3389,2743,1480,3493
387,422,210,848,2121,3409,360,196
3076,816,976,3751
2424,1871,1034
2180,674,1499,3949,3050,2647
3724,3540,1061,2122,3116
1151,2224,1458,3834,143
1770,2816,538,1842,3312
608,45,122,3570,2081,1320
801,544,2160
959,1212,3016,846,3884,2058,663
403,3987,1242,1180,577,1237,2965
727,2067,48,3195,2786,1382
2862,3985,571,1765
3336,1623,2409,1849,3728
751,2695,2366,1067,269,3425,687,2931
578,2836,2429,3944,571
560,3987,3745,2215,1464,1540
2403,775,2168
2412,3025,2104,3338,2959
603,51,3220
853,2508,3351,2281,2946,101,2131
13,2016,3000,1701,1358,2292
3624,3811,1297,2565,2376,1114
3079,1423,2254,1554,2750
2320,1269,436,3898,718,498
1461,1784,3835,2223,2741,1775,1193,454
565,2240,1035,638,2199
3527,1765,2296,3744,337
2433,1775,944
4,3311,1584,776
304,2482,1244,168
1900,3889,874,1641
3613,97,2594,1179,185,341,2511,3144
3463,973,2166
566,3272,3569,1894,398,2081,3847
3788,3656,3852,2576,2034
1401,2716,535,2776,3393,1843,600,680
3711,3176,736,342,3586,2933,336
548,1717,3823
1527,3616,1977
3080,3719,1054
1649,2219,933,2426,331,2175
2179,3933,706,979,3534,3861
1165,2567,20,1547,819,934
5,892,480,1237
267,3374,1915
1576,1510,2607
2125,1650,1255,3014,2085,2478
1635,673,3509,1959,861,2663,825,2542
871,2823,919,464,267,1506,2948,762
2230,696,1763
2349,1527,3529,1239,2757,3081,3658
882,1098,2263,404,2857,297,3934,1779
3371,880,1774,2258,512
3511,3801,2774,1321,3737,1347,3834
1243,3922,1426
3485,1336,1998,3922,2743
2564,2681,3493,2784,2139,1636
756,2878,2736,699,151,738,1764
1661,3909,1518,891,1019,1733
1041,254,1417,67
971,2409,1614,416,1418,2428,3229
238,3241,3567,2012,221,1134,3911,3807
3946,1330,2650,2174,2108,2712,2477,1679
3579,105,3714,1390,3503,2936
1134,2953,1825,2504,784
3696,1462,699
472,1940,289,2549
85,624,3375
1250,3464,1551,816
2864,797,2816
779,3761,636,1995,1745,1714,2461,979
626,2417,2128,3630,3368,2259,1092,2572
247,1082,3709
